name,slug,logo
CRYING CENTER,crying-center,/brands/crying-center.png
MEIHAO STORE,meihao-store,/brands/meihao-store.png
NERESUM,neresum,/brands/neresum.png
UNCMHISEX,uncmhisex,/brands/uncmhisex.png
WHOOSIS,whoosis,/brands/whoosis.png
YOUNG STAGE,young-stage,/brands/young-stage.png
CGGA AMASS,cgga-amass,/brands/cgga-amass.png
TGNSBRAND,tgnsbrand,/brands/tgnsbrand.png
WEEKENDHUB,weekendhub,/brands/weekendhub.png
IAMNOTBAD,iamnotbad,/brands/iamnotbad.png
BLACK BB,black-bb,/brands/black-bb.png
OISIS,oisis,/brands/oisis.png
TIRED STUDIO,tired-studio,/brands/tired-studio.png
EZEK PROJECT,ezek-project,/brands/ezek-project.png
1JINN STUDIO,1jinn-studio,/brands/1jinn-studio.png
ZIZIFEI,zizifei,/brands/zizifei.png
TIPSEVEN,tipseven,/brands/tipseven.png
ACHORK,achork,/brands/achork.png
BLACKLIST,blacklist,/brands/blacklist.png
ADIDAS,adidas,/brands/adidas.png
PUMA,puma,/brands/puma.png
CAT&SOFA,cat&sofa,/brands/cat&sofa.png
DEVO LIFE,devo-life,/brands/devo-life.png
LOOKUN,lookun,/brands/lookun.png
MASOOMAKE,masoomake,/brands/masoomake.png
MIANMAOMI,mianmaoami,/brands/mianmaoami.png
OICIRCLE,oicircle,/brands/oicircle.png
JEEP,jeep,/brands/jeep.png
JANDRESS,jandress,/brands/jandress.png
MUVA,muva,/brands/muva.png
SMOSMOS,smosmos,/brands/smosmos.png
TOUTOU,toutou,/brands/toutou.png
OOGREENAPPLE,oogreenapple,/brands/oogreenapple.png
REBBISH OFFICIAL,rebbish-official,/brands/rebbish-official.png
DICKIES,dickies,/brands/dickies.png
FEY TIY STUDIO,fey-tiy-studio,/brands/fey-tiy-studio.png
MONCHHICHI,monchhichi,/brands/monchhichi.png
CHICHABOOM,chichaboom,/brands/chichaboom.png
ONIONION,onionion,/brands/onionion.png
SORGENTI,sorgenti,/brands/sorgenti.png
MARSH&MELLOW,marsh&mellow,/brands/marsh&mellow.png
TIDECOLOR,tidecolor,/brands/tidecolor.png
TBH,tbh,/brands/tbh.png
JUEVES,jueves,/brands/jueves.png
